{"cameraMode":{"drawMode":0,"name":"Shaded","section":"Shading Mode"},"sceneLighting":true,"audioPlay":false,"sceneViewState":{"m_AlwaysRefresh":false,"showFog":true,"showSkybox":true,"showFlares":true,"showImageEffects":true,"showParticleSystems":true,"showVisualEffectGraphs":true,"m_FxEnabled":true},"in2DMode":false,"pivot":{"x":17.13421058654785,"y":21.30000114440918,"z":-50.47444534301758},"rotation":{"x":-0.0039000415708869697,"y":0.9884336590766907,"z":-0.14938700199127198,"w":-0.02580595389008522},"size":2.698826551437378,"orthographic":true}