{"cameraMode":{"drawMode":0,"name":"Shaded","section":"Shading Mode"},"sceneLighting":true,"audioPlay":false,"sceneViewState":{"m_AlwaysRefresh":false,"showFog":true,"showSkybox":true,"showFlares":true,"showImageEffects":true,"showParticleSystems":true,"showVisualEffectGraphs":true,"m_FxEnabled":true},"in2DMode":false,"pivot":{"x":59.900001525878909,"y":22.554786682128908,"z":-72.15216064453125},"rotation":{"x":-0.0007887454121373594,"y":-0.7551589608192444,"z":0.6555399894714356,"w":-0.0009060537558980286},"size":46.43598937988281,"orthographic":true}