{"cameraMode":{"drawMode":0,"name":"Shaded","section":"Shading Mode"},"sceneLighting":true,"audioPlay":false,"sceneViewState":{"m_AlwaysRefresh":false,"showFog":true,"showSkybox":true,"showFlares":true,"showImageEffects":true,"showParticleSystems":true,"showVisualEffectGraphs":true,"m_FxEnabled":true},"in2DMode":false,"pivot":{"x":-0.28999996185302737,"y":4.850000381469727,"z":-19.260000228881837},"rotation":{"x":0.1491154432296753,"y":0.35542404651641848,"z":-0.05750671401619911,"w":0.9209941029548645},"size":7.250525951385498,"orthographic":false}